k	wss	avg_silhouette
5	627.81061980528	0.0572526532748984
6	565.58283257929	0.0659602615367864
7	512.371891334142	0.0648767133765512
8	460.431751453757	0.0588579669762386
9	408.995362460146	0.0659634342966717
10	360.538296239571	0.0691123502124335
